{
    "title": "iPhone 7 / 8",
    "thumbnail": "iPhone7_preview-2.png",
    "options": {
        "stage_width": "440",
        "stage_height": "660"
    },
    "views": [
        {
            "title": "Back",
            "thumbnail": "iPhone7_preview-1.png",
            "elements": [
                {
                    "title": "Base",
                    "source": "iPhone7-base-4-1.svg",
                    "type": "image",
                    "parameters": {
                        "left": 82.978886641610415608738549053668975830078125,
                        "top": 54.802363358389584391261450946331024169921875,
                        "originX": "left",
                        "originY": "top",
                        "z": -1,
                        "fill": "#e6eaed",
                        "colors": 1,
                        "colorLinkGroup": 0,
                        "draggable": 0,
                        "rotatable": 0,
                        "resizable": 0,
                        "removable": 0,
                        "zChangeable": 0,
                        "scaleX": 1.4004968785832587752082645238260738551616668701171875,
                        "scaleY": 1.4004968785832587752082645238260738551616668701171875,
                        "lockUniScaling": false,
                        "uniScalingUnlockable": 0,
                        "angle": 0,
                        "price": 0,
                        "autoCenter": 0,
                        "replaceInAllViews": 0,
                        "autoSelect": 0,
                        "topped": 0,
                        "boundingBoxMode": "inside",
                        "opacity": 1,
                        "excludeFromExport": 0,
                        "locked": 0,
                        "showInColorSelection": 0,
                        "boundingBox": 0,
                        "resizeToW": 0,
                        "resizeToH": 0,
                        "filter": 0,
                        "scaleMode": "fit",
                        "minScaleLimit": 0.01000000000000000020816681711721685132943093776702880859375,
                        "advancedEditing": 0,
                        "uploadZone": 0,
                        "uploadZoneMovable": 0,
                        "adminLocked": false
                    }
                },
                {
                    "title": "Overlay",
                    "source": "iPhone7-4-1.png",
                    "type": "image",
                    "parameters": {
                        "left": 83.0502491694352329432149417698383331298828125,
                        "top": 54.73100083056482390020391903817653656005859375,
                        "originX": "left",
                        "originY": "top",
                        "z": -1,
                        "fill": false,
                        "colors": 0,
                        "colorLinkGroup": 0,
                        "draggable": 0,
                        "rotatable": 0,
                        "resizable": 0,
                        "removable": 0,
                        "zChangeable": false,
                        "scaleX": 0.5477990033222590593453560359193943440914154052734375,
                        "scaleY": 0.5477990033222590593453560359193943440914154052734375,
                        "lockUniScaling": false,
                        "uniScalingUnlockable": 0,
                        "angle": 0,
                        "price": 0,
                        "autoCenter": 0,
                        "replaceInAllViews": 0,
                        "autoSelect": 0,
                        "topped": 1,
                        "boundingBoxMode": "inside",
                        "opacity": 1,
                        "excludeFromExport": 1,
                        "locked": 1,
                        "showInColorSelection": 0,
                        "boundingBox": 0,
                        "resizeToW": 0,
                        "resizeToH": 0,
                        "filter": 0,
                        "scaleMode": "fit",
                        "minScaleLimit": 0.01000000000000000020816681711721685132943093776702880859375,
                        "advancedEditing": 0,
                        "uploadZone": 0,
                        "uploadZoneMovable": 0,
                        "adminLocked": false
                    }
                }
            ],
            "options": {
                "output_format": "man",
                "output_width": "78",
                "output_height": "159",
                "mask": {
                    "url": "iPhone7-base-4.svg",
                    "left": 82.939104337408110723117715679109096527099609375,
                    "top": 54.06713952325350192040787078440189361572265625,
                    "scaleX": 1.405210865315051904644860769622027873992919921875,
                    "scaleY": 1.405210865315051904644860769622027873992919921875
                },
                "printing_box": {
                    "left": 81,
                    "top": 50,
                    "width": 277,
                    "height": 562
                }
            }
        }
    ]
}