{
    "title": "Samsung S8 / S8 Plus",
    "thumbnail": "preview_samsung_s8.png",
    "options": {
        "stage_width": "440",
        "stage_height": "660"
    },
    "views": [
        {
            "title": "Back",
            "thumbnail": "preview_samsung_s8.png",
            "elements": [
                {
                    "title": "Base",
                    "source": "s8.svg",
                    "type": "image",
                    "parameters": {
                        "left": 220,
                        "top": 330,
                        "originX": "center",
                        "originY": "center",
                        "z": -1,
                        "fill": "#353535",
                        "colors": 1,
                        "colorLinkGroup": 0,
                        "draggable": 0,
                        "rotatable": 0,
                        "resizable": 0,
                        "removable": 0,
                        "zChangeable": 0,
                        "scaleX": 0.302989540854855743390317002194933593273162841796875,
                        "scaleY": 0.302989540854855743390317002194933593273162841796875,
                        "lockUniScaling": false,
                        "uniScalingUnlockable": 0,
                        "angle": 0,
                        "price": 0,
                        "autoCenter": 0,
                        "replaceInAllViews": 0,
                        "autoSelect": 0,
                        "topped": 0,
                        "boundingBoxMode": "inside",
                        "opacity": 1,
                        "excludeFromExport": 0,
                        "locked": 0,
                        "showInColorSelection": 0,
                        "boundingBox": 0,
                        "resizeToW": 0,
                        "resizeToH": 0,
                        "filter": 0,
                        "scaleMode": "fit",
                        "minScaleLimit": 0.01000000000000000020816681711721685132943093776702880859375,
                        "advancedEditing": 0,
                        "uploadZone": 0,
                        "uploadZoneMovable": 0,
                        "adminLocked": false
                    }
                },
                {
                    "title": "Overlay",
                    "source": "s8.png",
                    "type": "image",
                    "parameters": {
                        "left": 219,
                        "top": 330,
                        "originX": "center",
                        "originY": "center",
                        "z": -1,
                        "fill": false,
                        "colors": 0,
                        "colorLinkGroup": 0,
                        "draggable": 0,
                        "rotatable": 0,
                        "resizable": 0,
                        "removable": 0,
                        "zChangeable": false,
                        "scaleX": 0.5133274984086568792918114922940731048583984375,
                        "scaleY": 0.5133274984086568792918114922940731048583984375,
                        "lockUniScaling": false,
                        "uniScalingUnlockable": 0,
                        "angle": 0,
                        "price": 0,
                        "autoCenter": 0,
                        "replaceInAllViews": 0,
                        "autoSelect": 0,
                        "topped": 1,
                        "boundingBoxMode": "inside",
                        "opacity": 1,
                        "excludeFromExport": 1,
                        "locked": 1,
                        "showInColorSelection": 0,
                        "boundingBox": 0,
                        "resizeToW": 0,
                        "resizeToH": 0,
                        "filter": 0,
                        "scaleMode": "fit",
                        "minScaleLimit": 0.01000000000000000020816681711721685132943093776702880859375,
                        "advancedEditing": 0,
                        "uploadZone": 0,
                        "uploadZoneMovable": 0,
                        "adminLocked": false
                    }
                }
            ],
            "options": {
                "output_format": "man",
                "output_width": "69",
                "output_height": "149",
                "mask": {
                    "url": "s8.svg",
                    "left": 92.9867844736442776820695144124329090118408203125,
                    "top": 55.79446552635482703408342786133289337158203125,
                    "scaleX": 0.30298954085485607645722438974189572036266326904296875,
                    "scaleY": 0.30298954085485607645722438974189572036266326904296875
                },
                "printing_box": {
                    "left": 89,
                    "top": 49,
                    "width": 258,
                    "height": 557
                }
            }
        }
    ]
}