{
    "title": "Standard Business Card EU 3,35 x 2,2 inch / 85 x 55 mm",
    "thumbnail": "preview_335x22inch.png",
    "options": {
        "stage_width": "800",
        "stage_height": "500"
    },
    "views": [
        {
            "title": "Front",
            "thumbnail": "preview_335x22inch.png",
            "elements": [
                {
                    "title": "Base",
                    "source": "33522-x-2222-shadow.png",
                    "type": "image",
                    "parameters": {
                        "left": 400,
                        "top": 250,
                        "originX": "center",
                        "originY": "center",
                        "z": -1,
                        "fill": false,
                        "colors": 0,
                        "colorLinkGroup": 0,
                        "draggable": 0,
                        "rotatable": 0,
                        "resizable": 0,
                        "removable": 0,
                        "zChangeable": 0,
                        "scaleX": 1.838849072512647619959125222521834075450897216796875,
                        "scaleY": 1.838849072512647619959125222521834075450897216796875,
                        "lockUniScaling": false,
                        "uniScalingUnlockable": 0,
                        "angle": 0,
                        "price": 0,
                        "autoCenter": 0,
                        "replaceInAllViews": 0,
                        "autoSelect": 0,
                        "topped": 0,
                        "boundingBoxMode": "inside",
                        "opacity": 1,
                        "excludeFromExport": 0,
                        "locked": 0,
                        "showInColorSelection": 0,
                        "boundingBox": 0,
                        "resizeToW": 0,
                        "resizeToH": 0,
                        "filter": 0,
                        "scaleMode": "fit",
                        "minScaleLimit": 0.01000000000000000020816681711721685132943093776702880859375,
                        "advancedEditing": 0,
                        "uploadZone": 0,
                        "uploadZoneMovable": 0,
                        "adminLocked": 1
                    }
                }
            ],
            "options": {
                "output_format": "85x55",
                "output_width": "85",
                "output_height": "55",
                "bleed": "3",
                "use_printing_box_as_bounding_box": "yes",
                "printing_box": {
                    "left": 89,
                    "top": 50,
                    "width": 622,
                    "height": 404
                }
            }
        }
    ]
}