{
    "title": "Men Standard",
    "thumbnail": "preview_men_standard_front-1.png",
    "options": {
        "stage_width": "600",
        "stage_height": "660"
    },
    "views": [
        {
            "title": "Front",
            "thumbnail": "preview_men_standard_front-1.png",
            "elements": [
                {
                    "title": "Base",
                    "source": "Tshirt2-Front-Base.svg",
                    "type": "image",
                    "parameters": {
                        "left": 300,
                        "top": 330,
                        "originX": "center",
                        "originY": "center",
                        "z": -1,
                        "fill": "#252525",
                        "colors": 1,
                        "colorLinkGroup": "color-shirt",
                        "draggable": 0,
                        "rotatable": 0,
                        "resizable": 0,
                        "removable": 0,
                        "zChangeable": 0,
                        "scaleX": 0.77029690911948944798126603927812539041042327880859375,
                        "scaleY": 0.77029690911948944798126603927812539041042327880859375,
                        "lockUniScaling": false,
                        "uniScalingUnlockable": 0,
                        "angle": 0,
                        "price": 0,
                        "autoCenter": 0,
                        "replaceInAllViews": 0,
                        "autoSelect": 0,
                        "topped": 0,
                        "boundingBoxMode": "inside",
                        "opacity": 1,
                        "excludeFromExport": 0,
                        "locked": 0,
                        "showInColorSelection": 0,
                        "boundingBox": 0,
                        "resizeToW": 0,
                        "resizeToH": 0,
                        "filter": 0,
                        "scaleMode": "fit",
                        "minScaleLimit": 0.01000000000000000020816681711721685132943093776702880859375,
                        "advancedEditing": 0,
                        "uploadZone": 0,
                        "uploadZoneMovable": 0
                    }
                },
                {
                    "title": "Overlay",
                    "source": "Tshirt-Front.png",
                    "type": "image",
                    "parameters": {
                        "left": 301,
                        "top": 331,
                        "originX": "center",
                        "originY": "center",
                        "z": -1,
                        "fill": false,
                        "colors": 0,
                        "colorLinkGroup": 0,
                        "draggable": 0,
                        "rotatable": 0,
                        "resizable": 0,
                        "removable": 0,
                        "zChangeable": false,
                        "scaleX": 0.76691834451901563785014559471164830029010772705078125,
                        "scaleY": 0.76691834451901563785014559471164830029010772705078125,
                        "lockUniScaling": false,
                        "uniScalingUnlockable": 0,
                        "angle": 0,
                        "price": 0,
                        "autoCenter": 0,
                        "replaceInAllViews": 0,
                        "autoSelect": 0,
                        "topped": 1,
                        "boundingBoxMode": "inside",
                        "opacity": 1,
                        "excludeFromExport": 1,
                        "locked": 1,
                        "showInColorSelection": 0,
                        "boundingBox": 0,
                        "resizeToW": 0,
                        "resizeToH": 0,
                        "filter": 0,
                        "scaleMode": "fit",
                        "minScaleLimit": 0.01000000000000000020816681711721685132943093776702880859375,
                        "advancedEditing": 0,
                        "uploadZone": 0,
                        "uploadZoneMovable": 0
                    }
                }
            ],
            "options": {
                "output_format": "man",
                "output_width": "240",
                "output_height": "400",
                "use_printing_box_as_bounding_box": "yes",
                "printing_box": {
                    "left": 178,
                    "top": 139,
                    "width": 242,
                    "height": 403
                }
            }
        },
        {
            "title": "Back",
            "thumbnail": "preview_men_standard_back-1.png",
            "elements": [
                {
                    "title": "Base",
                    "source": "Tshirt2-Back-Base.svg",
                    "type": "image",
                    "parameters": {
                        "left": 300,
                        "top": 330,
                        "originX": "center",
                        "originY": "center",
                        "z": -1,
                        "fill": "#252525",
                        "colors": 1,
                        "colorLinkGroup": "color-shirt",
                        "draggable": 0,
                        "rotatable": 0,
                        "resizable": 0,
                        "removable": 0,
                        "zChangeable": 0,
                        "scaleX": 0.76051203914954668139358773260028101503849029541015625,
                        "scaleY": 0.76051203914954668139358773260028101503849029541015625,
                        "lockUniScaling": false,
                        "uniScalingUnlockable": 0,
                        "angle": 0,
                        "price": 0,
                        "autoCenter": 0,
                        "replaceInAllViews": 0,
                        "autoSelect": 0,
                        "topped": 0,
                        "boundingBoxMode": "inside",
                        "opacity": 1,
                        "excludeFromExport": 0,
                        "locked": 0,
                        "showInColorSelection": 0,
                        "boundingBox": 0,
                        "resizeToW": 0,
                        "resizeToH": 0,
                        "filter": 0,
                        "scaleMode": "fit",
                        "minScaleLimit": 0.01000000000000000020816681711721685132943093776702880859375,
                        "advancedEditing": 0,
                        "uploadZone": 0,
                        "uploadZoneMovable": 0
                    }
                },
                {
                    "title": "Overlay",
                    "source": "Tshirt2-Back.png",
                    "type": "image",
                    "parameters": {
                        "left": 300,
                        "top": 330,
                        "originX": "center",
                        "originY": "center",
                        "z": -1,
                        "fill": false,
                        "colors": 0,
                        "colorLinkGroup": 0,
                        "draggable": 0,
                        "rotatable": 0,
                        "resizable": 0,
                        "removable": 0,
                        "zChangeable": false,
                        "scaleX": 0.76295214770158248374087861520820297300815582275390625,
                        "scaleY": 0.76295214770158248374087861520820297300815582275390625,
                        "lockUniScaling": false,
                        "uniScalingUnlockable": 0,
                        "angle": 0,
                        "price": 0,
                        "autoCenter": 0,
                        "replaceInAllViews": 0,
                        "autoSelect": 0,
                        "topped": 1,
                        "boundingBoxMode": "inside",
                        "opacity": 1,
                        "excludeFromExport": 1,
                        "locked": 1,
                        "showInColorSelection": 0,
                        "boundingBox": 0,
                        "resizeToW": 0,
                        "resizeToH": 0,
                        "filter": 0,
                        "scaleMode": "fit",
                        "minScaleLimit": 0.01000000000000000020816681711721685132943093776702880859375,
                        "advancedEditing": 0,
                        "uploadZone": 0,
                        "uploadZoneMovable": 0
                    }
                }
            ],
            "options": {
                "output_format": "man",
                "output_width": "240",
                "output_height": "400",
                "use_printing_box_as_bounding_box": "yes",
                "printing_box": {
                    "left": 190,
                    "top": 150,
                    "width": 224,
                    "height": 374
                }
            }
        }
    ]
}