{
    "title": "iPhone 7 / 8 (with camera)",
    "thumbnail": "preview_iPhone7_cam-1.png",
    "options": {
        "stage_width": "440",
        "stage_height": "660"
    },
    "views": [
        {
            "title": "Back",
            "thumbnail": "preview_iPhone7_cam.png",
            "elements": [
                {
                    "title": "Base",
                    "source": "iPhone7-base-4-1.svg",
                    "type": "image",
                    "parameters": {
                        "left": 85.305679863676914465031586587429046630859375,
                        "top": 59.475570136323085534968413412570953369140625,
                        "originX": "left",
                        "originY": "top",
                        "z": -1,
                        "fill": "#e6eaed",
                        "colors": 1,
                        "colorLinkGroup": 0,
                        "draggable": 0,
                        "rotatable": 0,
                        "resizable": 0,
                        "removable": 0,
                        "zChangeable": 0,
                        "scaleX": 1.3767146557947931295728949407930485904216766357421875,
                        "scaleY": 1.3767146557947931295728949407930485904216766357421875,
                        "lockUniScaling": false,
                        "uniScalingUnlockable": 0,
                        "angle": 0,
                        "price": 0,
                        "autoCenter": 0,
                        "replaceInAllViews": 0,
                        "autoSelect": 0,
                        "topped": 0,
                        "boundingBoxMode": "inside",
                        "opacity": 1,
                        "excludeFromExport": 0,
                        "locked": 0,
                        "showInColorSelection": 0,
                        "boundingBox": 0,
                        "resizeToW": 0,
                        "resizeToH": 0,
                        "filter": 0,
                        "scaleMode": "fit",
                        "minScaleLimit": 0.01000000000000000020816681711721685132943093776702880859375,
                        "advancedEditing": 0,
                        "uploadZone": 0,
                        "uploadZoneMovable": 0,
                        "adminLocked": false
                    }
                },
                {
                    "title": "Cam",
                    "source": "iPhone7-with-camera-3.png",
                    "type": "image",
                    "parameters": {
                        "left": 85.375830564784024545588181354105472564697265625,
                        "top": 59.405419435215890189283527433872222900390625,
                        "originX": "left",
                        "originY": "top",
                        "z": -1,
                        "fill": false,
                        "colors": 0,
                        "colorLinkGroup": 0,
                        "draggable": 0,
                        "rotatable": 0,
                        "resizable": 0,
                        "removable": 0,
                        "zChangeable": false,
                        "scaleX": 0.53849667774086384941512051227618940174579620361328125,
                        "scaleY": 0.53849667774086384941512051227618940174579620361328125,
                        "lockUniScaling": false,
                        "uniScalingUnlockable": 0,
                        "angle": 0,
                        "price": 0,
                        "autoCenter": 0,
                        "replaceInAllViews": 0,
                        "autoSelect": 0,
                        "topped": 1,
                        "boundingBoxMode": "inside",
                        "opacity": 1,
                        "excludeFromExport": 1,
                        "locked": 1,
                        "showInColorSelection": 0,
                        "boundingBox": 0,
                        "resizeToW": 0,
                        "resizeToH": 0,
                        "filter": 0,
                        "scaleMode": "fit",
                        "minScaleLimit": 0.01000000000000000020816681711721685132943093776702880859375,
                        "advancedEditing": 0,
                        "uploadZone": 0,
                        "uploadZoneMovable": 0,
                        "adminLocked": 0
                    }
                }
            ],
            "options": {
                "output_format": "man",
                "output_width": "78",
                "output_height": "159",
                "mask": {
                    "url": "iPhone7-base-combined-outter.svg",
                    "left": 84.614509013887044375223922543227672576904296875,
                    "top": 58.166740986112699829391203820705413818359375,
                    "scaleX": 1.3835095765914982024469281896017491817474365234375,
                    "scaleY": 1.3835095765914982024469281896017491817474365234375
                },
                "printing_box": {
                    "left": 80,
                    "top": 50,
                    "width": 278,
                    "height": 564
                }
            }
        }
    ]
}