{
    "title": "Hoodie Men",
    "thumbnail": "preview_men_hoodie_front.png",
    "options": {
        "stage_width": "600",
        "stage_height": "660"
    },
    "views": [
        {
            "title": "Front",
            "thumbnail": "preview_men_hoodie_front.png",
            "elements": [
                {
                    "title": "Base",
                    "source": "man-hoodie-standard-front.svg",
                    "type": "image",
                    "parameters": {
                        "left": 300,
                        "top": 330,
                        "originX": "center",
                        "originY": "center",
                        "z": -1,
                        "fill": "#000000",
                        "colors": 1,
                        "colorLinkGroup": "color-hoodie",
                        "draggable": 0,
                        "rotatable": 0,
                        "resizable": 0,
                        "removable": 0,
                        "zChangeable": 0,
                        "scaleX": 0.6762609291400234479141317933681420981884002685546875,
                        "scaleY": 0.6762609291400234479141317933681420981884002685546875,
                        "lockUniScaling": false,
                        "uniScalingUnlockable": 0,
                        "angle": 0,
                        "price": 0,
                        "autoCenter": 0,
                        "replaceInAllViews": 0,
                        "autoSelect": 0,
                        "topped": 0,
                        "boundingBoxMode": "inside",
                        "opacity": 1,
                        "excludeFromExport": 0,
                        "locked": 0,
                        "showInColorSelection": 0,
                        "boundingBox": 0,
                        "resizeToW": 0,
                        "resizeToH": 0,
                        "filter": 0,
                        "scaleMode": "fit",
                        "minScaleLimit": 0.01000000000000000020816681711721685132943093776702880859375,
                        "advancedEditing": 0,
                        "uploadZone": 0,
                        "uploadZoneMovable": 0,
                        "adminLocked": false
                    }
                },
                {
                    "title": "Overlay",
                    "source": "man-hoodie-standard-front.png",
                    "type": "image",
                    "parameters": {
                        "left": 300,
                        "top": 330,
                        "originX": "center",
                        "originY": "center",
                        "z": -1,
                        "fill": false,
                        "colors": 0,
                        "colorLinkGroup": 0,
                        "draggable": 0,
                        "rotatable": 0,
                        "resizable": 0,
                        "removable": 0,
                        "zChangeable": false,
                        "scaleX": 0.67827400391900727338878596128779463469982147216796875,
                        "scaleY": 0.67827400391900727338878596128779463469982147216796875,
                        "lockUniScaling": false,
                        "uniScalingUnlockable": 0,
                        "angle": 0,
                        "price": 0,
                        "autoCenter": 0,
                        "replaceInAllViews": 0,
                        "autoSelect": 0,
                        "topped": 1,
                        "boundingBoxMode": "inside",
                        "opacity": 1,
                        "excludeFromExport": 1,
                        "locked": 1,
                        "showInColorSelection": 0,
                        "boundingBox": 0,
                        "resizeToW": 0,
                        "resizeToH": 0,
                        "filter": 0,
                        "scaleMode": "fit",
                        "minScaleLimit": 0.01000000000000000020816681711721685132943093776702880859375,
                        "advancedEditing": 0,
                        "uploadZone": 0,
                        "uploadZoneMovable": 0,
                        "adminLocked": false
                    }
                }
            ],
            "options": {
                "output_format": "man",
                "output_width": "350",
                "output_height": "300",
                "use_printing_box_as_bounding_box": "yes",
                "printing_box": {
                    "left": 202,
                    "top": 158,
                    "width": 205,
                    "height": 176
                }
            }
        },
        {
            "title": "Back",
            "thumbnail": "preview_men_hoodie_back.png",
            "elements": [
                {
                    "title": "Base",
                    "source": "man-hoodie-standard-back.svg",
                    "type": "image",
                    "parameters": {
                        "left": 300,
                        "top": 330,
                        "originX": "center",
                        "originY": "center",
                        "z": -1,
                        "fill": "#000000",
                        "colors": 1,
                        "colorLinkGroup": "color-hoodie",
                        "draggable": 0,
                        "rotatable": 0,
                        "resizable": 0,
                        "removable": 0,
                        "zChangeable": 0,
                        "scaleX": 0.64667699284619317712241581830312497913837432861328125,
                        "scaleY": 0.64667699284619317712241581830312497913837432861328125,
                        "lockUniScaling": false,
                        "uniScalingUnlockable": 0,
                        "angle": 0,
                        "price": 0,
                        "autoCenter": 0,
                        "replaceInAllViews": 0,
                        "autoSelect": 0,
                        "topped": 0,
                        "boundingBoxMode": "inside",
                        "opacity": 1,
                        "excludeFromExport": 0,
                        "locked": 0,
                        "showInColorSelection": 0,
                        "boundingBox": 0,
                        "resizeToW": 0,
                        "resizeToH": 0,
                        "filter": 0,
                        "scaleMode": "fit",
                        "minScaleLimit": 0.01000000000000000020816681711721685132943093776702880859375,
                        "advancedEditing": 0,
                        "uploadZone": 0,
                        "uploadZoneMovable": 0,
                        "adminLocked": false
                    }
                },
                {
                    "title": "Overlay",
                    "source": "man-hoodie-standard-back.png",
                    "type": "image",
                    "parameters": {
                        "left": 300,
                        "top": 330,
                        "originX": "center",
                        "originY": "center",
                        "z": -1,
                        "fill": false,
                        "colors": 0,
                        "colorLinkGroup": 0,
                        "draggable": 0,
                        "rotatable": 0,
                        "resizable": 0,
                        "removable": 0,
                        "zChangeable": false,
                        "scaleX": 0.64989609974424544791560265366570092737674713134765625,
                        "scaleY": 0.64989609974424544791560265366570092737674713134765625,
                        "lockUniScaling": false,
                        "uniScalingUnlockable": 0,
                        "angle": 0,
                        "price": 0,
                        "autoCenter": 0,
                        "replaceInAllViews": 0,
                        "autoSelect": 0,
                        "topped": 1,
                        "boundingBoxMode": "inside",
                        "opacity": 1,
                        "excludeFromExport": 1,
                        "locked": 1,
                        "showInColorSelection": 0,
                        "boundingBox": 0,
                        "resizeToW": 0,
                        "resizeToH": 0,
                        "filter": 0,
                        "scaleMode": "fit",
                        "minScaleLimit": 0.01000000000000000020816681711721685132943093776702880859375,
                        "advancedEditing": 0,
                        "uploadZone": 0,
                        "uploadZoneMovable": 0,
                        "adminLocked": false
                    }
                }
            ],
            "options": {
                "output_format": "man",
                "output_width": "350",
                "output_height": "500",
                "printing_box": {
                    "left": 204,
                    "top": 184,
                    "width": 200,
                    "height": 285
                }
            }
        }
    ]
}