{
    "title": "Micro Business Card 3 x 1 inch / 76 x 25 mm",
    "thumbnail": "preview_3x1inch-1.png",
    "options": {
        "stage_width": "800",
        "stage_height": "300"
    },
    "views": [
        {
            "title": "Front",
            "thumbnail": "preview_3x1inch-1.png",
            "elements": [
                {
                    "title": "Base",
                    "source": "3-x-122-inch-shadow.png",
                    "type": "image",
                    "parameters": {
                        "left": 400,
                        "top": 150,
                        "originX": "center",
                        "originY": "center",
                        "z": -1,
                        "fill": false,
                        "colors": 0,
                        "colorLinkGroup": 0,
                        "draggable": 0,
                        "rotatable": 0,
                        "resizable": 0,
                        "removable": 0,
                        "zChangeable": 0,
                        "scaleX": 1.9632959905660378741032445759628899395465850830078125,
                        "scaleY": 1.9632959905660378741032445759628899395465850830078125,
                        "lockUniScaling": false,
                        "uniScalingUnlockable": 0,
                        "angle": 0,
                        "price": 0,
                        "autoCenter": 0,
                        "replaceInAllViews": 0,
                        "autoSelect": 0,
                        "topped": 0,
                        "boundingBoxMode": "inside",
                        "opacity": 1,
                        "excludeFromExport": 1,
                        "locked": 1,
                        "showInColorSelection": 0,
                        "boundingBox": 0,
                        "resizeToW": 0,
                        "resizeToH": 0,
                        "filter": 0,
                        "scaleMode": "fit",
                        "minScaleLimit": 0.01000000000000000020816681711721685132943093776702880859375,
                        "advancedEditing": 0,
                        "uploadZone": 0,
                        "uploadZoneMovable": 0,
                        "adminLocked": 1
                    }
                }
            ],
            "options": {
                "output_format": "76x25",
                "output_width": "76",
                "output_height": "25",
                "bleed": "3",
                "use_printing_box_as_bounding_box": "yes",
                "printing_box": {
                    "left": 106,
                    "top": 54,
                    "width": 589,
                    "height": 195
                }
            }
        }
    ]
}