{
    "title": "Business Card Square 2,25 x 2,25 inch / 57 x 57 mm",
    "thumbnail": "preview_225x225inch.png",
    "options": {
        "stage_width": "500",
        "stage_height": "500"
    },
    "views": [
        {
            "title": "Front",
            "thumbnail": "preview_225x225inch.png",
            "elements": [
                {
                    "title": "Base",
                    "source": "25x25-Shadow-1.png",
                    "type": "image",
                    "parameters": {
                        "left": 250,
                        "top": 250,
                        "originX": "center",
                        "originY": "center",
                        "z": -1,
                        "fill": false,
                        "colors": 0,
                        "colorLinkGroup": 0,
                        "draggable": 0,
                        "rotatable": 0,
                        "resizable": 0,
                        "removable": 0,
                        "zChangeable": 0,
                        "scaleX": 1.5526620370370369794699172416585497558116912841796875,
                        "scaleY": 1.5526620370370369794699172416585497558116912841796875,
                        "lockUniScaling": false,
                        "uniScalingUnlockable": 0,
                        "angle": 0,
                        "price": 0,
                        "autoCenter": 0,
                        "replaceInAllViews": 0,
                        "autoSelect": 0,
                        "topped": 0,
                        "boundingBoxMode": "inside",
                        "opacity": 1,
                        "excludeFromExport": 1,
                        "locked": 1,
                        "showInColorSelection": 0,
                        "boundingBox": 0,
                        "resizeToW": 0,
                        "resizeToH": 0,
                        "filter": 0,
                        "scaleMode": "fit",
                        "minScaleLimit": 0.01000000000000000020816681711721685132943093776702880859375,
                        "advancedEditing": 0,
                        "uploadZone": 0,
                        "uploadZoneMovable": 0,
                        "adminLocked": 1
                    }
                }
            ],
            "options": {
                "output_format": "57x57",
                "output_width": "57",
                "output_height": "57",
                "bleed": "3",
                "use_printing_box_as_bounding_box": "yes",
                "printing_box": {
                    "left": 55,
                    "top": 55,
                    "width": 389,
                    "height": 389
                }
            }
        }
    ]
}