{
    "title": "Business Card Folded 3,25 x 2 inch / 83 x 52 mm",
    "thumbnail": "preview_325x2.png",
    "options": {
        "stage_width": "700",
        "stage_height": "500"
    },
    "views": [
        {
            "title": "Front",
            "thumbnail": "preview_view_front.png",
            "elements": [
                {
                    "title": "Base",
                    "source": "325-x-2-Folded-Front.png",
                    "type": "image",
                    "parameters": {
                        "left": 350,
                        "top": 250,
                        "originX": "center",
                        "originY": "center",
                        "z": -1,
                        "fill": false,
                        "colors": 0,
                        "colorLinkGroup": 0,
                        "draggable": 0,
                        "rotatable": 0,
                        "resizable": 0,
                        "removable": 0,
                        "zChangeable": 0,
                        "scaleX": 1.6834893048128340975466699092066846787929534912109375,
                        "scaleY": 1.6834893048128340975466699092066846787929534912109375,
                        "lockUniScaling": false,
                        "uniScalingUnlockable": 0,
                        "angle": 0,
                        "price": 0,
                        "autoCenter": 0,
                        "replaceInAllViews": 0,
                        "autoSelect": 0,
                        "topped": 0,
                        "boundingBoxMode": "inside",
                        "opacity": 1,
                        "excludeFromExport": 1,
                        "locked": 1,
                        "showInColorSelection": 0,
                        "boundingBox": 0,
                        "resizeToW": 0,
                        "resizeToH": 0,
                        "filter": 0,
                        "scaleMode": "fit",
                        "minScaleLimit": 0.01000000000000000020816681711721685132943093776702880859375,
                        "advancedEditing": 0,
                        "uploadZone": 0,
                        "uploadZoneMovable": 0
                    }
                }
            ],
            "options": {
                "output_format": "83x51",
                "output_width": "83",
                "output_height": "51",
                "bleed": "3",
                "use_printing_box_as_bounding_box": "yes",
                "printing_box": {
                    "left": 77,
                    "top": 82,
                    "width": 547,
                    "height": 337
                }
            }
        },
        {
            "title": "Inside",
            "thumbnail": "preview_view_inside.png",
            "elements": [
                {
                    "title": "Overlay",
                    "source": "Overlay-inside.png",
                    "type": "image",
                    "parameters": {
                        "left": 350,
                        "top": 410,
                        "originX": "center",
                        "originY": "center",
                        "z": -1,
                        "fill": false,
                        "colors": 0,
                        "colorLinkGroup": 0,
                        "draggable": 0,
                        "rotatable": 0,
                        "resizable": 0,
                        "removable": 0,
                        "zChangeable": false,
                        "scaleX": 1.6975461133069826846764271977008320391178131103515625,
                        "scaleY": 1.6975461133069826846764271977008320391178131103515625,
                        "lockUniScaling": false,
                        "uniScalingUnlockable": 0,
                        "angle": 0,
                        "price": 0,
                        "autoCenter": 0,
                        "replaceInAllViews": 0,
                        "autoSelect": 0,
                        "topped": 1,
                        "boundingBoxMode": "inside",
                        "opacity": 1,
                        "excludeFromExport": 1,
                        "locked": 1,
                        "showInColorSelection": 0,
                        "boundingBox": 0,
                        "resizeToW": 0,
                        "resizeToH": 0,
                        "filter": 0,
                        "scaleMode": "fit",
                        "minScaleLimit": 0.01000000000000000020816681711721685132943093776702880859375,
                        "advancedEditing": 0,
                        "uploadZone": 0,
                        "uploadZoneMovable": 0
                    }
                },
                {
                    "title": "Base",
                    "source": "325-x-2-Folded-Inside-1.png",
                    "type": "image",
                    "parameters": {
                        "left": 350,
                        "top": 410,
                        "originX": "center",
                        "originY": "center",
                        "z": -1,
                        "fill": false,
                        "colors": false,
                        "colorLinkGroup": false,
                        "draggable": false,
                        "rotatable": false,
                        "resizable": false,
                        "removable": false,
                        "zChangeable": false,
                        "scaleX": 1.6949110671936760130762422704719938337802886962890625,
                        "scaleY": 1.6949110671936760130762422704719938337802886962890625,
                        "lockUniScaling": false,
                        "uniScalingUnlockable": false,
                        "angle": 0,
                        "price": 0,
                        "autoCenter": false,
                        "replaceInAllViews": false,
                        "autoSelect": false,
                        "topped": false,
                        "boundingBoxMode": "inside",
                        "opacity": 1,
                        "excludeFromExport": false,
                        "locked": 1,
                        "showInColorSelection": false,
                        "boundingBox": false,
                        "resizeToW": 0,
                        "resizeToH": 0,
                        "filter": null,
                        "scaleMode": "fit",
                        "minScaleLimit": 0.01000000000000000020816681711721685132943093776702880859375,
                        "advancedEditing": false,
                        "uploadZone": false,
                        "uploadZoneMovable": false
                    }
                }
            ],
            "options": {
                "output_format": "man",
                "output_width": "83",
                "output_height": "102",
                "bleed": "3",
                "use_printing_box_as_bounding_box": "yes",
                "stage_width": "700",
                "stage_height": "820",
                "printing_box": {
                    "left": 74,
                    "top": 69,
                    "width": 551,
                    "height": 677
                }
            }
        },
        {
            "title": "Back",
            "thumbnail": "preview_view_back.png",
            "elements": [
                {
                    "title": "Base",
                    "source": "325-x-2-Folded-Front.png",
                    "type": "image",
                    "parameters": {
                        "left": 350,
                        "top": 250,
                        "originX": "center",
                        "originY": "center",
                        "z": -1,
                        "fill": false,
                        "colors": 0,
                        "colorLinkGroup": 0,
                        "draggable": 0,
                        "rotatable": 0,
                        "resizable": 0,
                        "removable": 0,
                        "zChangeable": 0,
                        "scaleX": 1.6834893048128340975466699092066846787929534912109375,
                        "scaleY": 1.6834893048128340975466699092066846787929534912109375,
                        "lockUniScaling": false,
                        "uniScalingUnlockable": 0,
                        "angle": 0,
                        "price": 0,
                        "autoCenter": 0,
                        "replaceInAllViews": 0,
                        "autoSelect": 0,
                        "topped": 0,
                        "boundingBoxMode": "inside",
                        "opacity": 1,
                        "excludeFromExport": 1,
                        "locked": 1,
                        "showInColorSelection": 0,
                        "boundingBox": 0,
                        "resizeToW": 0,
                        "resizeToH": 0,
                        "filter": 0,
                        "scaleMode": "fit",
                        "minScaleLimit": 0.01000000000000000020816681711721685132943093776702880859375,
                        "advancedEditing": 0,
                        "uploadZone": 0,
                        "uploadZoneMovable": 0
                    }
                }
            ],
            "options": {
                "output_format": "83x51",
                "output_width": "83",
                "output_height": "51",
                "bleed": "3",
                "use_printing_box_as_bounding_box": "yes",
                "printing_box": {
                    "left": 78,
                    "top": 82,
                    "width": 546,
                    "height": 336
                }
            }
        }
    ]
}