{
    "title": "Standard Business Card US 3,5 x 2 inch / 89 x 51 mm",
    "thumbnail": "preview_35x2_inch.png",
    "options": {
        "stage_width": "700",
        "stage_height": "500"
    },
    "views": [
        {
            "title": "Front",
            "thumbnail": "preview_35x2_inch.png",
            "elements": [
                {
                    "title": "Base",
                    "source": "35-x-2-Shadow.png",
                    "type": "image",
                    "parameters": {
                        "left": 350,
                        "top": 250,
                        "originX": "center",
                        "originY": "center",
                        "z": -1,
                        "fill": false,
                        "colors": 0,
                        "colorLinkGroup": 0,
                        "draggable": 0,
                        "rotatable": 0,
                        "resizable": 0,
                        "removable": 0,
                        "zChangeable": 0,
                        "scaleX": 1.6414194915254241013968794504762627184391021728515625,
                        "scaleY": 1.6414194915254241013968794504762627184391021728515625,
                        "lockUniScaling": false,
                        "uniScalingUnlockable": 0,
                        "angle": 0,
                        "price": 0,
                        "autoCenter": 0,
                        "replaceInAllViews": 0,
                        "autoSelect": 0,
                        "topped": 0,
                        "boundingBoxMode": "inside",
                        "opacity": 1,
                        "excludeFromExport": 1,
                        "locked": 1,
                        "showInColorSelection": 0,
                        "boundingBox": 0,
                        "resizeToW": 0,
                        "resizeToH": 0,
                        "filter": 0,
                        "scaleMode": "fit",
                        "minScaleLimit": 0.01000000000000000020816681711721685132943093776702880859375,
                        "advancedEditing": 0,
                        "uploadZone": 0,
                        "uploadZoneMovable": 0,
                        "adminLocked": true
                    }
                }
            ],
            "options": {
                "output_format": "89x51",
                "output_width": "89",
                "output_height": "51",
                "bleed": "3",
                "use_printing_box_as_bounding_box": "yes",
                "printing_box": {
                    "left": 62,
                    "top": 84,
                    "width": 576,
                    "height": 332
                }
            }
        }
    ]
}