{
    "title": "Cap fabric",
    "thumbnail": "preview_cap_fabric_front.png",
    "options": {
        "stage_width": "700",
        "stage_height": "500"
    },
    "views": [
        {
            "title": "Front",
            "thumbnail": "preview_cap_fabric_front.png",
            "elements": [
                {
                    "title": "Base",
                    "source": "capfront.svg",
                    "type": "image",
                    "parameters": {
                        "left": 350,
                        "top": 250,
                        "originX": "center",
                        "originY": "center",
                        "z": -1,
                        "fill": "#ffffff",
                        "colors": 1,
                        "colorLinkGroup": "color-cap",
                        "draggable": false,
                        "rotatable": false,
                        "resizable": false,
                        "removable": false,
                        "zChangeable": false,
                        "scaleX": 0.3077862672918689757040056065306998789310455322265625,
                        "scaleY": 0.3077862672918689757040056065306998789310455322265625,
                        "lockUniScaling": false,
                        "uniScalingUnlockable": false,
                        "angle": 0,
                        "price": 0,
                        "autoCenter": false,
                        "replaceInAllViews": false,
                        "autoSelect": false,
                        "topped": false,
                        "boundingBoxMode": "inside",
                        "opacity": 1,
                        "excludeFromExport": false,
                        "locked": false,
                        "showInColorSelection": false,
                        "boundingBox": false,
                        "resizeToW": 0,
                        "resizeToH": 0,
                        "filter": null,
                        "scaleMode": "fit",
                        "minScaleLimit": 0.01000000000000000020816681711721685132943093776702880859375,
                        "advancedEditing": false,
                        "uploadZone": false,
                        "uploadZoneMovable": false
                    }
                },
                {
                    "title": "Overlay",
                    "source": "capfront.png",
                    "type": "image",
                    "parameters": {
                        "left": 350,
                        "top": 250,
                        "originX": "center",
                        "originY": "center",
                        "z": -1,
                        "fill": false,
                        "colors": false,
                        "colorLinkGroup": false,
                        "draggable": false,
                        "rotatable": false,
                        "resizable": false,
                        "removable": false,
                        "zChangeable": false,
                        "scaleX": 0.35984100877192981560170892407768405973911285400390625,
                        "scaleY": 0.35984100877192981560170892407768405973911285400390625,
                        "lockUniScaling": false,
                        "uniScalingUnlockable": false,
                        "angle": 0,
                        "price": 0,
                        "autoCenter": false,
                        "replaceInAllViews": false,
                        "autoSelect": false,
                        "topped": 1,
                        "boundingBoxMode": "inside",
                        "opacity": 1,
                        "excludeFromExport": 1,
                        "locked": 1,
                        "showInColorSelection": false,
                        "boundingBox": false,
                        "resizeToW": 0,
                        "resizeToH": 0,
                        "filter": null,
                        "scaleMode": "fit",
                        "minScaleLimit": 0.01000000000000000020816681711721685132943093776702880859375,
                        "advancedEditing": false,
                        "uploadZone": false,
                        "uploadZoneMovable": false
                    }
                }
            ],
            "options": []
        },
        {
            "title": "Side",
            "thumbnail": "preview_cap_fabric_side.png",
            "elements": [
                {
                    "title": "Base",
                    "source": "capside.svg",
                    "type": "image",
                    "parameters": {
                        "left": 350,
                        "top": 250,
                        "originX": "center",
                        "originY": "center",
                        "z": -1,
                        "fill": "#ffffff",
                        "colors": 1,
                        "colorLinkGroup": "color-cap",
                        "draggable": 0,
                        "rotatable": 0,
                        "resizable": 0,
                        "removable": 0,
                        "zChangeable": 0,
                        "scaleX": 0.487166277013333814949191946652717888355255126953125,
                        "scaleY": 0.487166277013333814949191946652717888355255126953125,
                        "lockUniScaling": false,
                        "uniScalingUnlockable": 0,
                        "angle": 0,
                        "price": 0,
                        "autoCenter": 0,
                        "replaceInAllViews": 0,
                        "autoSelect": 0,
                        "topped": 0,
                        "boundingBoxMode": "inside",
                        "opacity": 1,
                        "excludeFromExport": 0,
                        "locked": 0,
                        "showInColorSelection": 0,
                        "boundingBox": 0,
                        "resizeToW": 0,
                        "resizeToH": 0,
                        "filter": 0,
                        "scaleMode": "fit",
                        "minScaleLimit": 0.01000000000000000020816681711721685132943093776702880859375,
                        "advancedEditing": 0,
                        "uploadZone": 0,
                        "uploadZoneMovable": 0,
                        "adminLocked": false
                    }
                },
                {
                    "title": "Overlay",
                    "source": "capside.png",
                    "type": "image",
                    "parameters": {
                        "left": 350,
                        "top": 250,
                        "originX": "center",
                        "originY": "center",
                        "z": -1,
                        "fill": false,
                        "colors": 0,
                        "colorLinkGroup": 0,
                        "draggable": 0,
                        "rotatable": 0,
                        "resizable": 0,
                        "removable": 0,
                        "zChangeable": false,
                        "scaleX": 0.485490514228656966366770575405098497867584228515625,
                        "scaleY": 0.485490514228656966366770575405098497867584228515625,
                        "lockUniScaling": false,
                        "uniScalingUnlockable": 0,
                        "angle": 0,
                        "price": 0,
                        "autoCenter": 0,
                        "replaceInAllViews": 0,
                        "autoSelect": 0,
                        "topped": 1,
                        "boundingBoxMode": "inside",
                        "opacity": 1,
                        "excludeFromExport": 1,
                        "locked": 1,
                        "showInColorSelection": 0,
                        "boundingBox": 0,
                        "resizeToW": 0,
                        "resizeToH": 0,
                        "filter": 0,
                        "scaleMode": "fit",
                        "minScaleLimit": 0.01000000000000000020816681711721685132943093776702880859375,
                        "advancedEditing": 0,
                        "uploadZone": 0,
                        "uploadZoneMovable": 0
                    }
                }
            ],
            "options": []
        }
    ]
}